<annotation>
	<folder>training_data</folder>
	<filename>100.png</filename>
	<path>/Users/peijialong/Desktop/MCSaut1/machine learning/machine-learning-in-science-2022 (1)/training_data/training_data/100.png</path>
	<source>
		<database>Unknown</database>
	</source>
	<size>
		<width>320</width>
		<height>240</height>
		<depth>3</depth>
	</size>
	<segmented>0</segmented>
	<object>
		<name>tree</name>
		<pose>Unspecified</pose>
		<truncated>0</truncated>
		<difficult>0</difficult>
		<bndbox>
			<xmin>256</xmin>
			<ymin>72</ymin>
			<xmax>298</xmax>
			<ymax>122</ymax>
		</bndbox>
	</object>
	<object>
		<name>box</name>
		<pose>Unspecified</pose>
		<truncated>0</truncated>
		<difficult>0</difficult>
		<bndbox>
			<xmin>156</xmin>
			<ymin>63</ymin>
			<xmax>182</xmax>
			<ymax>88</ymax>
		</bndbox>
	</object>
</annotation>
