<annotation>
	<folder>training_data</folder>
	<filename>118.png</filename>
	<path>/Users/peijialong/Desktop/MCSaut1/machine learning/machine-learning-in-science-2022 (1)/training_data/training_data/118.png</path>
	<source>
		<database>Unknown</database>
	</source>
	<size>
		<width>320</width>
		<height>240</height>
		<depth>3</depth>
	</size>
	<segmented>0</segmented>
	<object>
		<name>tree</name>
		<pose>Unspecified</pose>
		<truncated>0</truncated>
		<difficult>0</difficult>
		<bndbox>
			<xmin>41</xmin>
			<ymin>9</ymin>
			<xmax>106</xmax>
			<ymax>115</ymax>
		</bndbox>
	</object>
	<object>
		<name>arrows right</name>
		<pose>Unspecified</pose>
		<truncated>0</truncated>
		<difficult>0</difficult>
		<bndbox>
			<xmin>132</xmin>
			<ymin>19</ymin>
			<xmax>164</xmax>
			<ymax>62</ymax>
		</bndbox>
	</object>
	<object>
		<name>traffic light green</name>
		<pose>Unspecified</pose>
		<truncated>0</truncated>
		<difficult>0</difficult>
		<bndbox>
			<xmin>171</xmin>
			<ymin>16</ymin>
			<xmax>226</xmax>
			<ymax>66</ymax>
		</bndbox>
	</object>
</annotation>
