<annotation>
	<folder>training_data</folder>
	<filename>128.png</filename>
	<path>/Users/peijialong/Desktop/MCSaut1/machine learning/machine-learning-in-science-2022 (1)/training_data/training_data/128.png</path>
	<source>
		<database>Unknown</database>
	</source>
	<size>
		<width>320</width>
		<height>240</height>
		<depth>3</depth>
	</size>
	<segmented>0</segmented>
	<object>
		<name>arrows right</name>
		<pose>Unspecified</pose>
		<truncated>0</truncated>
		<difficult>0</difficult>
		<bndbox>
			<xmin>85</xmin>
			<ymin>42</ymin>
			<xmax>149</xmax>
			<ymax>130</ymax>
		</bndbox>
	</object>
	<object>
		<name>arrows right</name>
		<pose>Unspecified</pose>
		<truncated>1</truncated>
		<difficult>0</difficult>
		<bndbox>
			<xmin>1</xmin>
			<ymin>49</ymin>
			<xmax>48</xmax>
			<ymax>150</ymax>
		</bndbox>
	</object>
</annotation>
