<annotation>
	<folder>training_data</folder>
	<filename>26.png</filename>
	<path>/Users/peijialong/Desktop/MCSaut1/machine learning/machine-learning-in-science-2022 (1)/training_data/training_data/26.png</path>
	<source>
		<database>Unknown</database>
	</source>
	<size>
		<width>320</width>
		<height>240</height>
		<depth>3</depth>
	</size>
	<segmented>0</segmented>
	<object>
		<name>human</name>
		<pose>Unspecified</pose>
		<truncated>0</truncated>
		<difficult>0</difficult>
		<bndbox>
			<xmin>93</xmin>
			<ymin>62</ymin>
			<xmax>141</xmax>
			<ymax>184</ymax>
		</bndbox>
	</object>
	<object>
		<name>human</name>
		<pose>Unspecified</pose>
		<truncated>0</truncated>
		<difficult>0</difficult>
		<bndbox>
			<xmin>167</xmin>
			<ymin>67</ymin>
			<xmax>204</xmax>
			<ymax>157</ymax>
		</bndbox>
	</object>
</annotation>
