<annotation>
	<folder>training_data</folder>
	<filename>31.png</filename>
	<path>/Users/peijialong/Desktop/MCSaut1/machine learning/machine-learning-in-science-2022 (1)/training_data/training_data/31.png</path>
	<source>
		<database>Unknown</database>
	</source>
	<size>
		<width>320</width>
		<height>240</height>
		<depth>3</depth>
	</size>
	<segmented>0</segmented>
	<object>
		<name>traffic light green</name>
		<pose>Unspecified</pose>
		<truncated>0</truncated>
		<difficult>0</difficult>
		<bndbox>
			<xmin>37</xmin>
			<ymin>11</ymin>
			<xmax>123</xmax>
			<ymax>81</ymax>
		</bndbox>
	</object>
	<object>
		<name>arrows right</name>
		<pose>Unspecified</pose>
		<truncated>0</truncated>
		<difficult>0</difficult>
		<bndbox>
			<xmin>152</xmin>
			<ymin>26</ymin>
			<xmax>197</xmax>
			<ymax>85</ymax>
		</bndbox>
	</object>
	<object>
		<name>arrows right</name>
		<pose>Unspecified</pose>
		<truncated>0</truncated>
		<difficult>0</difficult>
		<bndbox>
			<xmin>224</xmin>
			<ymin>35</ymin>
			<xmax>261</xmax>
			<ymax>92</ymax>
		</bndbox>
	</object>
</annotation>
