<annotation>
	<folder>training_data</folder>
	<filename>42.png</filename>
	<path>/Users/peijialong/Desktop/MCSaut1/machine learning/machine-learning-in-science-2022 (1)/training_data/training_data/42.png</path>
	<source>
		<database>Unknown</database>
	</source>
	<size>
		<width>320</width>
		<height>240</height>
		<depth>3</depth>
	</size>
	<segmented>0</segmented>
	<object>
		<name>arrow left</name>
		<pose>Unspecified</pose>
		<truncated>0</truncated>
		<difficult>0</difficult>
		<bndbox>
			<xmin>109</xmin>
			<ymin>31</ymin>
			<xmax>147</xmax>
			<ymax>92</ymax>
		</bndbox>
	</object>
	<object>
		<name>arrow left</name>
		<pose>Unspecified</pose>
		<truncated>0</truncated>
		<difficult>0</difficult>
		<bndbox>
			<xmin>155</xmin>
			<ymin>30</ymin>
			<xmax>188</xmax>
			<ymax>89</ymax>
		</bndbox>
	</object>
	<object>
		<name>arrow left</name>
		<pose>Unspecified</pose>
		<truncated>0</truncated>
		<difficult>0</difficult>
		<bndbox>
			<xmin>200</xmin>
			<ymin>30</ymin>
			<xmax>233</xmax>
			<ymax>83</ymax>
		</bndbox>
	</object>
</annotation>
