<annotation>
	<folder>training_data</folder>
	<filename>67.png</filename>
	<path>/Users/peijialong/Desktop/MCSaut1/machine learning/machine-learning-in-science-2022 (1)/training_data/training_data/67.png</path>
	<source>
		<database>Unknown</database>
	</source>
	<size>
		<width>320</width>
		<height>240</height>
		<depth>3</depth>
	</size>
	<segmented>0</segmented>
	<object>
		<name>human</name>
		<pose>Unspecified</pose>
		<truncated>0</truncated>
		<difficult>0</difficult>
		<bndbox>
			<xmin>16</xmin>
			<ymin>67</ymin>
			<xmax>55</xmax>
			<ymax>157</ymax>
		</bndbox>
	</object>
	<object>
		<name>human</name>
		<pose>Unspecified</pose>
		<truncated>1</truncated>
		<difficult>0</difficult>
		<bndbox>
			<xmin>1</xmin>
			<ymin>90</ymin>
			<xmax>15</xmax>
			<ymax>191</ymax>
		</bndbox>
	</object>
	<object>
		<name>tree</name>
		<pose>Unspecified</pose>
		<truncated>0</truncated>
		<difficult>0</difficult>
		<bndbox>
			<xmin>234</xmin>
			<ymin>76</ymin>
			<xmax>263</xmax>
			<ymax>111</ymax>
		</bndbox>
	</object>
	<object>
		<name>box</name>
		<pose>Unspecified</pose>
		<truncated>1</truncated>
		<difficult>0</difficult>
		<bndbox>
			<xmin>280</xmin>
			<ymin>98</ymin>
			<xmax>320</xmax>
			<ymax>149</ymax>
		</bndbox>
	</object>
</annotation>
