<annotation>
	<folder>training_data</folder>
	<filename>79.png</filename>
	<path>/Users/peijialong/Desktop/MCSaut1/machine learning/machine-learning-in-science-2022 (1)/training_data/training_data/79.png</path>
	<source>
		<database>Unknown</database>
	</source>
	<size>
		<width>320</width>
		<height>240</height>
		<depth>3</depth>
	</size>
	<segmented>0</segmented>
	<object>
		<name>arrows right</name>
		<pose>Unspecified</pose>
		<truncated>0</truncated>
		<difficult>0</difficult>
		<bndbox>
			<xmin>88</xmin>
			<ymin>43</ymin>
			<xmax>152</xmax>
			<ymax>146</ymax>
		</bndbox>
	</object>
	<object>
		<name>arrows right</name>
		<pose>Unspecified</pose>
		<truncated>0</truncated>
		<difficult>0</difficult>
		<bndbox>
			<xmin>25</xmin>
			<ymin>46</ymin>
			<xmax>83</xmax>
			<ymax>145</ymax>
		</bndbox>
	</object>
	<object>
		<name>arrows right</name>
		<pose>Unspecified</pose>
		<truncated>1</truncated>
		<difficult>0</difficult>
		<bndbox>
			<xmin>1</xmin>
			<ymin>55</ymin>
			<xmax>14</xmax>
			<ymax>149</ymax>
		</bndbox>
	</object>
</annotation>
