<annotation>
	<folder>training_data</folder>
	<filename>85.png</filename>
	<path>/Users/peijialong/Desktop/MCSaut1/machine learning/machine-learning-in-science-2022 (1)/training_data/training_data/85.png</path>
	<source>
		<database>Unknown</database>
	</source>
	<size>
		<width>320</width>
		<height>240</height>
		<depth>3</depth>
	</size>
	<segmented>0</segmented>
	<object>
		<name>arrow left</name>
		<pose>Unspecified</pose>
		<truncated>0</truncated>
		<difficult>0</difficult>
		<bndbox>
			<xmin>128</xmin>
			<ymin>38</ymin>
			<xmax>183</xmax>
			<ymax>122</ymax>
		</bndbox>
	</object>
	<object>
		<name>arrow left</name>
		<pose>Unspecified</pose>
		<truncated>0</truncated>
		<difficult>0</difficult>
		<bndbox>
			<xmin>211</xmin>
			<ymin>41</ymin>
			<xmax>259</xmax>
			<ymax>137</ymax>
		</bndbox>
	</object>
	<object>
		<name>arrow left</name>
		<pose>Unspecified</pose>
		<truncated>1</truncated>
		<difficult>0</difficult>
		<bndbox>
			<xmin>286</xmin>
			<ymin>59</ymin>
			<xmax>320</xmax>
			<ymax>153</ymax>
		</bndbox>
	</object>
</annotation>
